date,Is event
11/23/2017,1
11/5/2017,1
3/17/2017,1
7/4/2017,1
6/25/2017,1
4/15/2017,1
2/8/2017,1
9/7/2017,1
9/11/2017,1
12/31/2017,1
11/22/2018,1
11/4/2018,1
3/17/2018,1
7/4/2018,1
6/24/2018,1
4/15/2018,1
2/8/2018,1
9/7/2018,1
9/11/2018,1
12/31/2018,1
11/28/2019,1
11/3/2019,1
3/17/2019,1
7/4/2019,1
6/30/2019,1
4/15/2019,1
2/8/2019,1
9/7/2019,1
9/11/2019,1
12/31/2019,1
11/26/2020,1
11/1/2020,1
3/17/2020,1
7/4/2020,1
6/28/2020,1
4/15/2020,1
2/8/2020,1
9/7/2020,1
9/11/2020,1
12/31/2020,1
11/25/2021,1
11/7/2021,1
3/17/2021,1
7/4/2021,1
6/27/2021,1
4/15/2021,1
2/8/2021,1
9/7/2021,1
9/11/2021,1
12/31/2021,1
11/24/2022,1
11/6/2022,1
3/17/2022,1
7/4/2022,1
6/26/2022,1
4/15/2022,1
2/8/2022,1
9/7/2022,1
9/11/2022,1
12/31/2022,1
11/23/2023,1
11/5/2023,1
3/17/2023,1
7/4/2023,1
6/25/2023,1
4/15/2023,1
2/8/2023,1
9/7/2023,1
9/11/2023,1
12/31/2023,1
3/17/2024,1
6/30/2024,1
4/15/2024,1
2/8/2024,1
